train_loss,train_acc,val_loss,val_acc,val_f1,val_auc,lr
0.07007939193612979,0.9761421705308612,0.07555692169461503,0.9736244541484717,0.9727242095042846,0.0,0.0002714480406590546
0.035691246043924325,0.9882392509574595,0.0815660551336058,0.9811353711790393,0.980600662891448,0.0,0.0001966980406590546
0.02289170015921285,0.9925790107517549,0.100735903941303,0.9733624454148472,0.9730335477712456,0.0,0.00010430195934094535
0.010536222755611465,0.996473945167135,0.03838901803438557,0.9900436681222707,0.9896704410514386,0.0,2.955195934094537e-05
0.004451161047613725,0.9986112768658255,0.043762559518634274,0.9919650655021834,0.9917482962928416,0.0,0.0003
0.036277920327948805,0.9883694437512883,0.3403358561762052,0.9323144104803494,0.9374818895587828,0.0,0.0002926829491861254
0.02207319574168994,0.9927634505430124,0.11738050330492704,0.9689082969432314,0.9705107039885451,0.0,0.0002714480406590546
0.0180821829788576,0.9937615952957004,0.036948239711742825,0.9904803493449782,0.9901993368155754,0.0,0.0002383738952177247
0.01299476251474696,0.9956385414067331,0.06446299051564167,0.9874235807860262,0.9868702419922103,0.0,0.0001966980406590546
0.0084288586215436,0.9975263369172517,0.041270677879577576,0.9882096069868995,0.987699109687441,0.0,0.00015049999999999997
0.00644135594912572,0.9978192707033666,0.08159478028908414,0.9905676855895197,0.9909084018224986,0.0,0.00010430195934094535
0.003397710391273108,0.9990018552473121,0.043970106060970474,0.991703056768559,0.9914862988852144,0.0,6.262610478227527e-05
0.0012884736124550962,0.9996202710179991,0.05281607972102906,0.9931004366812227,0.9932855303473116,0.0,2.955195934094537e-05
